date,game,player_name,cluster,line,prediction,edge,edge_pct,direction,pick,edge_score,ag_score,agreement,role_flag,last7_vals,confidence,model_std,blowout_risk,best_over_odds,best_under_odds,best_odds_for_bet,home_ml,away_ml,imp_over_prob,imp_under_prob,model_win_prob,kelly,m1_xgb,m4_mean,m5_context,m7_matchup,n_books,target,actual,result,profit_units
2026-10-08,Oklahoma City Thunder (+110) @ San Antonio Spurs (-130),Shai Gilgeous-Alexander,C1,1.5,0.11,-1.39,92.7,UNDER,UNDER,8.9,0.8,MED,NORMAL,,58,0.703,0.45,100,-132,-132,-130,110,0.468,0.532,0.976,0.4722,0,0,0,0.28,1,fg3m,NA,NA,NA
2026-10-08,Philadelphia 76ers (+160) @ New York Knicks (-190),Jalen Brunson,C1,2.5,0.11,-2.39,95.6,UNDER,UNDER,12,0.8,LOW,NORMAL,,53,1,0.25,116,-154,-154,-190,160,0.433,0.567,0.992,0.4898,0,0,0,0.29,1,fg3m,NA,NA,NA
2026-10-08,Boston Celtics (+105) @ Detroit Pistons (-125),Jayson Tatum,C1,2.5,0.11,-2.39,95.6,UNDER,UNDER,12,0.8,LOW,NORMAL,,53,1.182,0.23,-140,106,106,-125,105,0.546,0.454,0.978,0.4786,0,0,0,0.27,1,fg3m,NA,NA,NA
2026-10-08,Oklahoma City Thunder (+110) @ San Antonio Spurs (-130),Victor Wembanyama,C1,1.5,0.13,-1.37,91.3,UNDER,UNDER,8.8,0.8,LOW,NORMAL,,53,0.903,0,-188,140,140,-130,110,0.61,0.39,0.935,0.4443,0,0,0,0.33,1,fg3m,NA,NA,NA
2026-10-08,Boston Celtics (+105) @ Detroit Pistons (-125),Cade Cunningham,C1,2.5,0.13,-2.37,94.8,UNDER,UNDER,11.9,0.8,MED,NORMAL,,48,0.719,0.61,154,-215,-215,-125,105,0.366,0.634,1,0.5,0,0,0,0.33,1,fg3m,NA,NA,NA
2026-10-08,Philadelphia 76ers (+160) @ New York Knicks (-190),Jalen Brunson,C1,2.5,3.23,0.73,29.2,OVER,OVER,6.7,0.8,HIGH,NORMAL,2|3|5|5|5|3|4,88,0.342,0.25,-172,128,-172,-190,160,0.59,0.41,0.984,0.4782,3.16,3.16,3.65,3.35,1,reb,NA,NA,NA
2026-10-08,Oklahoma City Thunder (+110) @ San Antonio Spurs (-130),Shai Gilgeous-Alexander,C1,4.5,3.06,-1.44,32,UNDER,UNDER,9.2,0.8,HIGH,NORMAL,4|2|4|2|1|4|3,78,0.22,0.45,130,-174,-174,-130,110,0.406,0.594,1,0.5,3.12,3.12,2.71,2.81,1,reb,NA,NA,NA
2026-10-08,Boston Celtics (+105) @ Detroit Pistons (-125),Jayson Tatum,C1,8.5,10.19,1.69,19.9,OVER,OVER,10.5,0.6,LOW,NORMAL,13|11|14|5|7|16|11,48,1.87,0.23,-144,108,-144,-125,105,0.551,0.449,0.817,0.2767,10.14,10.14,10.48,5.68,1,reb,NA,NA,NA
2026-10-08,Boston Celtics (+105) @ Detroit Pistons (-125),Cade Cunningham,C1,5.5,4.74,-0.76,13.8,UNDER,UNDER,7.4,0.8,MED,NORMAL,3|10|3|7|2|4|2,34,0.85,0.61,104,-138,-138,-125,105,0.458,0.542,0.814,0.2787,4.76,4.76,4.65,3.5,1,reb,NA,NA,NA
2026-10-08,Oklahoma City Thunder (+110) @ San Antonio Spurs (-130),Shai Gilgeous-Alexander,C1,5.5,7.41,1.91,34.7,OVER,OVER,10.7,0.6,LOW,NORMAL,9|12|7|9|4|9|5,43,1.378,0.45,-138,104,-138,-130,110,0.542,0.458,0.917,0.4012,7.36,7.36,7.6,3.87,1,ast,NA,NA,NA
2026-10-08,Boston Celtics (+105) @ Detroit Pistons (-125),Jayson Tatum,C1,5.5,6.07,0.57,10.4,OVER,OVER,6,0.6,LOW,NORMAL,8|7|9|7|11|4|3,34,1.197,0.23,-136,102,-136,-125,105,0.538,0.462,0.683,0.1259,5.86,5.86,6.92,3.62,1,ast,NA,NA,NA
2026-10-08,Boston Celtics (+105) @ Detroit Pistons (-125),Cade Cunningham,C1,9.5,8.56,-0.94,9.9,UNDER,UNDER,9.1,0.8,LOW,NORMAL,10|10|6|9|8|5|1,13,1.967,0.61,104,-138,-138,-125,105,0.458,0.542,0.684,0.124,8.8,8.8,7.58,3.45,1,ast,NA,NA,NA
